{
  "Dummy": {
    "accuracy": 0.6766666666666666,
    "roc_auc": 0.5,
    "f1": 0.0
  },
  "LogisticRegression": {
    "accuracy": 0.8296666666666667,
    "roc_auc": 0.878905083540704,
    "f1": 0.7146845337800112
  },
  "DecisionTree": {
    "accuracy": 0.87,
    "roc_auc": 0.9091602762683458,
    "f1": 0.7864184008762322
  },
  "RandomForest": {
    "accuracy": 0.9346666666666666,
    "roc_auc": 0.97060992331522,
    "f1": 0.8942826321467098
  },
  "HistGradientBoosting": {
    "accuracy": 0.9363333333333334,
    "roc_auc": 0.9746823421867858,
    "f1": 0.8982418753329782
  }
}