{
  "train_loss": [
    0.4632973904594963,
    0.15313301106661925,
    0.13760017548446302,
    0.12549592876507912
  ],
  "val_loss": [
    21117.711335358796,
    21143.600513599536,
    21121.01392505787,
    21097.121636284723
  ],
  "val_metrics": [
    {
      "RMSE": 145.39028831906208,
      "MSE": 21138.3359375,
      "MAE": 144.3505401611328,
      "MAPE": 99.73906707763672
    },
    {
      "RMSE": 145.4772117571168,
      "MSE": 21163.619140625,
      "MAE": 144.43817138671875,
      "MAPE": 99.8006591796875
    },
    {
      "RMSE": 145.40004083562013,
      "MSE": 21141.171875,
      "MAE": 144.35989379882812,
      "MAPE": 99.74541473388672
    },
    {
      "RMSE": 145.31829289528557,
      "MSE": 21117.40625,
      "MAE": 144.28868103027344,
      "MAPE": 99.70372772216797
    }
  ]
}